,g00-Pac01,g01-Pac02,g02-Pac03,g04-Pac04
ImageNumber,14.35192509,14.57802634,15.50157113,15.36271487
ObjectNumber,446.3068851,402.6455439,159.5368946,359.648636
CellObjects-Number-Object-Number,446.3068851,402.6455439,159.5368946,359.648636
CellObjects-AreaShape-Area,2936.731375,2720.704808,3829.985914,3387.339266
CellObjects-AreaShape-BoundingBoxArea,4443.232262,4086.352246,5395.784809,5085.919189
CellObjects-AreaShape-BoundingBoxMaximum-X,1055.893212,1059.016868,1064.073897,1058.514808
CellObjects-AreaShape-BoundingBoxMaximum-Y,799.5840665,799.1074779,811.8060462,806.5310164
CellObjects-AreaShape-BoundingBoxMinimum-X,991.682097,994.8784954,991.18236,987.9385277
CellObjects-AreaShape-BoundingBoxMinimum-Y,731.0339818,736.0169132,738.3080507,735.1236921
CellObjects-AreaShape-Center-X,1023.329415,1026.455315,1027.156078,1022.660447
CellObjects-AreaShape-Center-Y,764.8127635,767.0809585,774.5852747,770.3336425
CellObjects-AreaShape-Compactness,1.330141589,1.312787442,1.22735104,1.329103879
CellObjects-AreaShape-ConvexArea,3128.288159,2884.802454,3974.311518,3605.901579
CellObjects-AreaShape-Eccentricity,0.638805073,0.626625783,0.599688147,0.616294536
CellObjects-AreaShape-EquivalentDiameter,60.55829062,58.26412044,69.24278982,65.03444191
CellObjects-AreaShape-EulerNumber,1,1.000045102,1,1
CellObjects-AreaShape-Extent,0.663156803,0.667512471,0.710488798,0.666324672
CellObjects-AreaShape-FormFactor,0.757022139,0.767848738,0.819993101,0.758094615
CellObjects-AreaShape-MajorAxisLength,72.06691261,68.8202617,79.95895963,76.26066562
CellObjects-AreaShape-MaxFeretDiameter,74.74146746,71.07010088,80.89600592,79.32504475
CellObjects-AreaShape-MaximumRadius,24.49380603,23.75145424,29.25705954,26.5824811
CellObjects-AreaShape-MeanRadius,9.084492437,8.821376286,10.82050069,9.777910205
CellObjects-AreaShape-MedianRadius,8.13643672,7.899826427,9.693689858,8.738447951
CellObjects-AreaShape-MinFeretDiameter,53.9126504,51.92492422,61.39367766,58.58994478
CellObjects-AreaShape-MinorAxisLength,53.26850609,51.58990574,61.59258655,58.02115822
CellObjects-AreaShape-Orientation,93.59441786,88.05533635,91.75476384,86.07088146
CellObjects-AreaShape-Perimeter,218.9183657,209.0950805,240.4786187,234.7523675
CellObjects-AreaShape-Solidity,0.938232476,0.942276342,0.962645176,0.937814548
CellObjects-Children-ASCspecs-Count,2.53591896,1.934196284,2.499945823,3.085341928
CellObjects-Children-Cytoplasm-Count,1,1,1,1
CellObjects-Children-NucObjects-Count,1,1,1,1
CellObjects-Children-Nucelolos-Count,0.215271612,0.048664983,0.131108462,0.51887145
CellObjects-Location-Center-X,1023.329415,1026.455315,1027.156078,1022.660447
CellObjects-Location-Center-Y,764.8127635,767.0809585,774.5852747,770.3336425
CellObjects-Location-Center-Z,0,0,0,0
CellObjects-Mean-ASCspecs-AreaShape-Area,477.8437878,522.6420754,451.3447314,553.1600162
CellObjects-Mean-ASCspecs-AreaShape-BoundingBoxArea,1139.371691,1101.317881,921.3002293,1164.668091
CellObjects-Mean-ASCspecs-AreaShape-BoundingBoxMaximum-X,1035.560114,1029.422265,1025.858481,1033.657235
CellObjects-Mean-ASCspecs-AreaShape-BoundingBoxMaximum-Y,779.0717229,773.0209707,776.577413,783.3421177
CellObjects-Mean-ASCspecs-AreaShape-BoundingBoxMinimum-X,1005.074411,997.0068613,997.8706671,1002.979299
CellObjects-Mean-ASCspecs-AreaShape-BoundingBoxMinimum-Y,745.9487889,742.3737779,747.941329,750.8844325
CellObjects-Mean-ASCspecs-AreaShape-Center-X,1019.887249,1012.762796,1011.302976,1017.825624
CellObjects-Mean-ASCspecs-AreaShape-Center-Y,762.0215235,757.2742448,761.7284423,766.6474265
CellObjects-Mean-ASCspecs-AreaShape-Compactness,3.571958467,3.81591527,2.447214145,3.207611067
CellObjects-Mean-ASCspecs-AreaShape-ConvexArea,767.8659988,778.481034,623.893863,804.7095783
CellObjects-Mean-ASCspecs-AreaShape-Eccentricity,0.787122036,0.719291671,0.776443958,0.766556615
CellObjects-Mean-ASCspecs-AreaShape-EquivalentDiameter,23.12697815,24.26747916,22.25609593,24.49367026
CellObjects-Mean-ASCspecs-AreaShape-EulerNumber,1.384730646,1.96707058,2.416272378,1.71290042
CellObjects-Mean-ASCspecs-AreaShape-Extent,0.45786211,0.487977566,0.524297086,0.515023814
CellObjects-Mean-ASCspecs-AreaShape-FormFactor,0.377979179,0.33609897,0.484226615,0.426485381
CellObjects-Mean-ASCspecs-AreaShape-MajorAxisLength,40.57559019,38.95577616,34.93743869,38.89839395
CellObjects-Mean-ASCspecs-AreaShape-MaxFeretDiameter,38.00552987,36.56649447,33.85038209,37.12039711
CellObjects-Mean-ASCspecs-AreaShape-MaximumRadius,5.369621658,5.778639479,6.49805177,6.159264779
CellObjects-Mean-ASCspecs-AreaShape-MeanRadius,2.244746948,2.2914132,2.63216461,2.4967814
CellObjects-Mean-ASCspecs-AreaShape-MedianRadius,2.05936852,2.09589112,2.372390573,2.272246174
CellObjects-Mean-ASCspecs-AreaShape-MinFeretDiameter,22.18250245,23.63096017,19.42141175,22.75310349
CellObjects-Mean-ASCspecs-AreaShape-MinorAxisLength,23.07882181,24.99382066,19.25816219,23.1745824
CellObjects-Mean-ASCspecs-AreaShape-Orientation,94.88029098,91.09804926,90.27592417,87.20982461
CellObjects-Mean-ASCspecs-AreaShape-Perimeter,144.7811148,154.2140683,114.3994852,146.8748187
CellObjects-Mean-ASCspecs-AreaShape-Solidity,0.684489489,0.691547111,0.762329862,0.745734115
CellObjects-Mean-ASCspecs-Classify-Cromatina,0.92481456,0.928222676,0.85512459,0.87825466
CellObjects-Mean-ASCspecs-Classify-Nucleolo,0.06955511,0.055053779,0.123321715,0.112945133
CellObjects-Mean-ASCspecs-Distance-Centroid-CellObjects,14.45484663,12.23289737,16.28628076,18.41909737
CellObjects-Mean-ASCspecs-Granularity-10-HEGray,1.152831053,0.055964927,0.009368301,2.703645514
CellObjects-Mean-ASCspecs-Granularity-11-HEGray,2.370168101,0.204078136,0.008705386,2.444332691
CellObjects-Mean-ASCspecs-Granularity-12-HEGray,1.620276821,0.215231773,0.033549146,1.998174614
CellObjects-Mean-ASCspecs-Granularity-13-HEGray,1.433426301,0.263748135,0.112660234,1.992914547
CellObjects-Mean-ASCspecs-Granularity-14-HEGray,1.599726239,0.348257232,0.186570957,3.308469892
CellObjects-Mean-ASCspecs-Granularity-15-HEGray,2.237402077,0.347127833,0.056527416,2.354975804
CellObjects-Mean-ASCspecs-Granularity-16-HEGray,1.830834843,0.310286708,0.302295888,2.437463271
CellObjects-Mean-ASCspecs-Granularity-1-HEGray,48.15200807,51.95297124,58.51111694,48.79905921
CellObjects-Mean-ASCspecs-Granularity-2-HEGray,0.408624623,0.104670154,0.054053503,0.397635416
CellObjects-Mean-ASCspecs-Granularity-3-HEGray,0.297070819,0.044109154,0.010732868,0.450027206
CellObjects-Mean-ASCspecs-Granularity-4-HEGray,0.20909037,0.04249503,0.005770828,0.486843241
CellObjects-Mean-ASCspecs-Granularity-5-HEGray,0.167478171,0.038605413,0.004930864,0.418888706
CellObjects-Mean-ASCspecs-Granularity-6-HEGray,0.356867167,0.039531352,0.004181918,0.336599928
CellObjects-Mean-ASCspecs-Granularity-7-HEGray,0.508763574,0.034955239,0.004702633,1.132104897
CellObjects-Mean-ASCspecs-Granularity-8-HEGray,0.829046485,0.032897046,0.006343327,1.668477155
CellObjects-Mean-ASCspecs-Granularity-9-HEGray,0.627941818,0.029251031,0.007299384,1.695251211
CellObjects-Mean-ASCspecs-Intensity-IntegratedIntensityEdg-HEGry,52.18619457,67.09078714,50.71764497,35.97793578
CellObjects-Mean-ASCspecs-Intensity-IntegratedIntensity-HEGray,167.9144669,221.9271081,179.7490843,129.4272794
CellObjects-Mean-ASCspecs-Intensity-LowerQuartileIntensity-HEGry,0.321135666,0.388035019,0.343659783,0.216442752
CellObjects-Mean-ASCspecs-Intensity-MADIntensity-HEGray,0.048562616,0.055470902,0.050815297,0.032440242
CellObjects-Mean-ASCspecs-Intensity-MassDisplacement-HEGray,0.722470248,0.682081679,0.692475532,0.858286862
CellObjects-Mean-ASCspecs-Intensity-MaxIntensityEdge-HEGray,0.604756755,0.721443948,0.739873248,0.453398628
CellObjects-Mean-ASCspecs-Intensity-MaxIntensity-HEGray,0.60475814,0.721461423,0.739882927,0.45339981
CellObjects-Mean-ASCspecs-Intensity-MeanIntensityEdge-HEGray,0.43619237,0.519449299,0.494304713,0.301342127
CellObjects-Mean-ASCspecs-Intensity-MeanIntensity-HEGray,0.377545627,0.454679806,0.411487706,0.25820393
CellObjects-Mean-ASCspecs-Intensity-MedianIntensity-HEGray,0.365431836,0.437547424,0.386987371,0.244650453
CellObjects-Mean-ASCspecs-Intensity-MinIntensityEdge-HEGray,0.307822692,0.364043184,0.33531694,0.209660964
CellObjects-Mean-ASCspecs-Intensity-MinIntensity-HEGray,0.256396893,0.317061023,0.282274983,0.174885491
CellObjects-Mean-ASCspecs-Intensity-StdIntensityEdge-HEGray,0.074100324,0.093077001,0.107756375,0.063943375
CellObjects-Mean-ASCspecs-Intensity-StdIntensity-HEGray,0.073397084,0.085844278,0.092435137,0.056368913
CellObjects-Mean-ASCspecs-Intensity-UpperQuartileIntensity-HEGry,0.423898645,0.5091051,0.458998178,0.288125005
CellObjects-Mean-ASCspecs-Location-CenterMassIntensity-X-HEGray,1019.890658,1012.437706,1011.095434,1017.864841
CellObjects-Mean-ASCspecs-Location-CenterMassIntensity-Y-HEGray,762.0260878,757.1490821,761.6561776,766.6987902
CellObjects-Mean-ASCspecs-Location-CenterMassIntensity-Z-HEGray,0,0,0,0
CellObjects-Mean-ASCspecs-Location-Center-X,1019.887249,1012.762796,1011.302976,1017.825624
CellObjects-Mean-ASCspecs-Location-Center-Y,762.0215235,757.2742448,761.7284423,766.6474265
CellObjects-Mean-ASCspecs-Location-Center-Z,0,0,0,0
CellObjects-Mean-ASCspecs-Location-MaxIntensity-X-HEGray,1020.77038,1005.844222,1011.840493,1019.137532
CellObjects-Mean-ASCspecs-Location-MaxIntensity-Y-HEGray,762.4832084,754.0268411,761.2742897,767.4762015
CellObjects-Mean-ASCspecs-Location-MaxIntensity-Z-HEGray,0,0,0,0
CellObjects-Mean-ASCspecs-Number-Object-Number,1226.147885,869.2750523,517.995043,1259.024674
CellObjects-Mean-ASCspecs-Texture-AngularScndMmnt-HEGry-3-00-256,0.003512362,0.00299108,0.003592328,0.004288856
CellObjects-Mean-ASCspecs-Texture-AngularScndMmnt-HEGry-3-01-256,0.004075084,0.003577753,0.004041647,0.004663947
CellObjects-Mean-ASCspecs-Texture-AngularScndMmnt-HEGry-3-02-256,0.003429159,0.003060692,0.003569869,0.004260552
CellObjects-Mean-ASCspecs-Texture-AngularScndMmnt-HEGry-3-03-256,0.00421885,0.003705847,0.004062523,0.004640815
CellObjects-Mean-ASCspecs-Texture-Contrast-HEGray-3-00-256,270.8332942,374.7066893,450.4931632,152.0537342
CellObjects-Mean-ASCspecs-Texture-Contrast-HEGray-3-01-256,391.5730021,573.5145231,685.6235535,224.5016627
CellObjects-Mean-ASCspecs-Texture-Contrast-HEGray-3-02-256,268.7071763,410.0081328,429.9262194,132.5317823
CellObjects-Mean-ASCspecs-Texture-Contrast-HEGray-3-03-256,401.906589,575.7231248,705.1778317,215.1452026
CellObjects-Mean-ASCspecs-Texture-Correlation-HEGray-3-00-256,0.901541001,0.851230091,0.879018619,0.758035082
CellObjects-Mean-ASCspecs-Texture-Correlation-HEGray-3-01-256,0.899440806,1.044045778,0.980401157,0.898605655
CellObjects-Mean-ASCspecs-Texture-Correlation-HEGray-3-02-256,0.717768693,0.979760892,0.926069632,0.74742226
CellObjects-Mean-ASCspecs-Texture-Correlation-HEGray-3-03-256,0.914943339,1.111157381,1.057247467,0.940053631
CellObjects-Mean-ASCspecs-Texture-DifferencEntrpy-HEGry-3-00-256,4.808806567,4.937512427,4.836296716,4.348774286
CellObjects-Mean-ASCspecs-Texture-DifferencEntrpy-HEGry-3-01-256,4.99256638,5.150460522,5.052953983,4.572249191
CellObjects-Mean-ASCspecs-Texture-DifferencEntrpy-HEGry-3-02-256,4.791785832,4.977180919,4.809818492,4.27939591
CellObjects-Mean-ASCspecs-Texture-DifferencEntrpy-HEGry-3-03-256,5.003041502,5.14846513,5.068969619,4.53753055
CellObjects-Mean-ASCspecs-Texture-DifferenceVarnc-HEGry-3-00-256,0.000244251,0.000187185,0.000218276,0.000496939
CellObjects-Mean-ASCspecs-Texture-DifferenceVarnc-HEGry-3-01-256,0.000210446,0.000156772,0.00018449,0.000413098
CellObjects-Mean-ASCspecs-Texture-DifferenceVarnc-HEGry-3-02-256,0.000250127,0.00018238,0.000223218,0.000518337
CellObjects-Mean-ASCspecs-Texture-DifferenceVarnc-HEGry-3-03-256,0.000208586,0.000157423,0.000182548,0.000423361
CellObjects-Mean-ASCspecs-Texture-Entropy-HEGray-3-00-256,8.604368791,8.731546514,8.475725194,8.361262052
CellObjects-Mean-ASCspecs-Texture-Entropy-HEGray-3-01-256,8.457328895,8.547357806,8.361702421,8.287244062
CellObjects-Mean-ASCspecs-Texture-Entropy-HEGray-3-02-256,8.631126514,8.707425915,8.482705486,8.36588147
CellObjects-Mean-ASCspecs-Texture-Entropy-HEGray-3-03-256,8.418616505,8.524488003,8.36019858,8.290893711
CellObjects-Mean-ASCspecs-Texture-InfoMeas1-HEGray-3-00-256,0.307972052,0.28988339,0.330998901,0.372865153
CellObjects-Mean-ASCspecs-Texture-InfoMeas1-HEGray-3-01-256,0.319725009,0.367428086,0.341494042,0.42115543
CellObjects-Mean-ASCspecs-Texture-InfoMeas1-HEGray-3-02-256,0.323590337,0.314330361,0.36174425,0.326082629
CellObjects-Mean-ASCspecs-Texture-InfoMeas1-HEGray-3-03-256,0.327172752,0.427486692,0.440777557,0.395421395
CellObjects-Mean-ASCspecs-Texture-InfoMeas2-HEGray-3-00-256,0.992647009,0.984762835,0.979455055,0.981384989
CellObjects-Mean-ASCspecs-Texture-InfoMeas2-HEGray-3-01-256,0.993074336,0.98479417,0.979891982,0.980902591
CellObjects-Mean-ASCspecs-Texture-InfoMeas2-HEGray-3-02-256,0.992511515,0.984778174,0.979498737,0.98190166
CellObjects-Mean-ASCspecs-Texture-InfoMeas2-HEGray-3-03-256,0.993280758,0.984858661,0.979929276,0.981248336
CellObjects-Mean-ASCspecs-Texture-InvrsDffrncMmnt-HEGry-3-00-256,0.08665243,0.084924592,0.089453552,0.131314073
CellObjects-Mean-ASCspecs-Texture-InvrsDffrncMmnt-HEGry-3-01-256,0.071722115,0.067626919,0.072077862,0.108163191
CellObjects-Mean-ASCspecs-Texture-InvrsDffrncMmnt-HEGry-3-02-256,0.089540935,0.083105155,0.091547482,0.136351288
CellObjects-Mean-ASCspecs-Texture-InvrsDffrncMmnt-HEGry-3-03-256,0.070582133,0.067546267,0.071510462,0.110327274
CellObjects-Mean-ASCspecs-Texture-SumAverage-HEGray-3-00-256,185.7563,224.5217739,201.4590354,127.0434629
CellObjects-Mean-ASCspecs-Texture-SumAverage-HEGray-3-01-256,185.6849495,224.1144151,201.3818729,126.9228545
CellObjects-Mean-ASCspecs-Texture-SumAverage-HEGray-3-02-256,185.8566145,224.7648093,201.6761405,127.2170962
CellObjects-Mean-ASCspecs-Texture-SumAverage-HEGray-3-03-256,186.0767519,224.7444247,201.4472512,127.0536862
CellObjects-Mean-ASCspecs-Texture-SumEntropy-HEGray-3-00-256,6.223075766,6.385001293,6.200294523,5.860826777
CellObjects-Mean-ASCspecs-Texture-SumEntropy-HEGray-3-01-256,6.086826401,6.227603607,6.077404153,5.738708792
CellObjects-Mean-ASCspecs-Texture-SumEntropy-HEGray-3-02-256,6.243239064,6.362338745,6.209150104,5.881628118
CellObjects-Mean-ASCspecs-Texture-SumEntropy-HEGray-3-03-256,6.058232142,6.213164732,6.074981461,5.747649166
CellObjects-Mean-ASCspecs-Texture-SumVariance-HEGray-3-00-256,1020.611313,1397.624473,1554.519198,606.4409761
CellObjects-Mean-ASCspecs-Texture-SumVariance-HEGray-3-01-256,902.8260782,1241.498877,1391.703616,544.065558
CellObjects-Mean-ASCspecs-Texture-SumVariance-HEGray-3-02-256,1016.36188,1388.044646,1582.414925,631.2399181
CellObjects-Mean-ASCspecs-Texture-SumVariance-HEGray-3-03-256,894.3640351,1254.664826,1381.513206,551.5807872
CellObjects-Mean-ASCspecs-Texture-Variance-HEGray-3-00-256,322.8611518,443.0827907,501.2530903,189.6236776
CellObjects-Mean-ASCspecs-Texture-Variance-HEGray-3-01-256,323.5997701,453.75335,519.3317924,192.1418052
CellObjects-Mean-ASCspecs-Texture-Variance-HEGray-3-02-256,321.267264,449.5131948,503.0852861,190.9429251
CellObjects-Mean-ASCspecs-Texture-Variance-HEGray-3-03-256,324.067656,457.5969876,521.6727595,191.6814974
CellObjects-Mean-Nucelolos-AreaShape-Area,20.59908656,5.643762403,18.88216491,76.54396877
CellObjects-Mean-Nucelolos-AreaShape-BoundingBoxArea,30.81653416,7.951162126,29.13551486,121.9107436
CellObjects-Mean-Nucelolos-AreaShape-BoundingBoxMaximum-X,205.7110912,48.39215377,120.2741901,363.3648947
CellObjects-Mean-Nucelolos-AreaShape-BoundingBoxMaximum-Y,149.9837389,34.53287179,89.11332033,273.729619
CellObjects-Mean-Nucelolos-AreaShape-BoundingBoxMinimum-X,203.4353089,47.80860996,118.5675768,357.2492363
CellObjects-Mean-Nucelolos-AreaShape-BoundingBoxMinimum-Y,147.6565535,33.96479043,87.42160581,267.3290732
CellObjects-Mean-Nucelolos-AreaShape-Center-X,204.4736675,48.07756834,119.3664185,360.1333709
CellObjects-Mean-Nucelolos-AreaShape-Center-Y,148.7218797,34.22533511,88.21111296,270.3528469
CellObjects-Mean-Nucelolos-AreaShape-Compactness,0.218971582,0.050525275,0.135137685,0.452610348
CellObjects-Mean-Nucelolos-AreaShape-ConvexArea,22.4679689,6.045981418,20.58476903,85.21931132
CellObjects-Mean-Nucelolos-AreaShape-Eccentricity,0.143489618,0.03182179,0.083700725,0.263983397
CellObjects-Mean-Nucelolos-AreaShape-EquivalentDiameter,2.106742915,0.542669889,1.533037946,5.556037226
CellObjects-Mean-Nucelolos-AreaShape-EulerNumber,0.196948906,0.046906008,0.113555098,0.355614723
CellObjects-Mean-Nucelolos-AreaShape-Extent,0.136668359,0.033441728,0.076682732,0.231642101
CellObjects-Mean-Nucelolos-AreaShape-FormFactor,0.183834652,0.044383825,0.099164878,0.29011
CellObjects-Mean-Nucelolos-AreaShape-MajorAxisLength,2.74208888,0.65835573,2.022974414,7.322558716
CellObjects-Mean-Nucelolos-AreaShape-MaxFeretDiameter,2.620218337,0.633228541,1.96396511,7.206555359
CellObjects-Mean-Nucelolos-AreaShape-MaximumRadius,0.838068974,0.226235261,0.598082591,2.140762349
CellObjects-Mean-Nucelolos-AreaShape-MeanRadius,0.387907233,0.1011082,0.264050309,0.913734928
CellObjects-Mean-Nucelolos-AreaShape-MedianRadius,0.341160071,0.088750815,0.234551889,0.817683909
CellObjects-Mean-Nucelolos-AreaShape-MinFeretDiameter,1.595246026,0.431497373,1.179210504,4.441901892
CellObjects-Mean-Nucelolos-AreaShape-MinorAxisLength,1.71144006,0.461490432,1.234794135,4.551527896
CellObjects-Mean-Nucelolos-AreaShape-Orientation,90.73691835,89.88914481,90.09282387,89.76634361
CellObjects-Mean-Nucelolos-AreaShape-Perimeter,7.089471717,1.783310088,5.33720221,19.92248804
CellObjects-Mean-Nucelolos-AreaShape-Solidity,0.181743255,0.04347327,0.104448702,0.322411639
CellObjects-Mean-Nucelolos-Distance-Centroid-CellObjects,1.733373542,0.405145763,1.201641185,5.468279686
CellObjects-Mean-Nucelolos-Granularity-10-HEGray,3.01E-06,0,0,0.064998677
CellObjects-Mean-Nucelolos-Granularity-11-HEGray,3.24E-05,0,0,0.134293738
CellObjects-Mean-Nucelolos-Granularity-12-HEGray,9.65E-05,0,0,0.151110101
CellObjects-Mean-Nucelolos-Granularity-13-HEGray,0.000556947,0,0,0.250297756
CellObjects-Mean-Nucelolos-Granularity-14-HEGray,0.000628896,0,0,0.529770025
CellObjects-Mean-Nucelolos-Granularity-15-HEGray,0.001213216,0,0,0.497558124
CellObjects-Mean-Nucelolos-Granularity-16-HEGray,0.007385567,0,0,0.624712728
CellObjects-Mean-Nucelolos-Granularity-1-HEGray,17.3354277,4.428009808,10.32572201,22.44860968
CellObjects-Mean-Nucelolos-Granularity-2-HEGray,0.035519943,0.000460428,0.007809653,0.138474097
CellObjects-Mean-Nucelolos-Granularity-3-HEGray,0.002641023,0,3.37E-06,0.007264481
CellObjects-Mean-Nucelolos-Granularity-4-HEGray,1.78E-05,0,5.29E-05,0.000271462
CellObjects-Mean-Nucelolos-Granularity-5-HEGray,0,0,0,0.000286849
CellObjects-Mean-Nucelolos-Granularity-6-HEGray,2.70E-08,0,0,0.000207602
CellObjects-Mean-Nucelolos-Granularity-7-HEGray,1.62E-07,0,0,0.001491247
CellObjects-Mean-Nucelolos-Granularity-8-HEGray,1.28E-06,0,0,0.006838039
CellObjects-Mean-Nucelolos-Granularity-9-HEGray,3.51E-06,0,0,0.01628863
CellObjects-Mean-Nucelolos-Intensity-IntegratedIntenstyEdg-HEGry,1.361924486,0.360484439,1.04952642,3.857211799
CellObjects-Mean-Nucelolos-Intensity-IntegratedIntensity-HEGray,4.410878198,1.301234691,4.151215941,16.02473372
CellObjects-Mean-Nucelolos-Intensity-LowerQuartileIntensty-HEGry,0.039072767,0.010404603,0.023349017,0.066630219
CellObjects-Mean-Nucelolos-Intensity-MADIntensity-HEGray,0.002788388,0.000444731,0.001618513,0.007197129
CellObjects-Mean-Nucelolos-Intensity-MassDisplacement-HEGray,0.034592908,0.005399584,0.023682164,0.110851781
CellObjects-Mean-Nucelolos-Intensity-MaxIntensityEdge-HEGray,0.051015274,0.01228274,0.030183653,0.099758528
CellObjects-Mean-Nucelolos-Intensity-MaxIntensity-HEGray,0.051207518,0.012407974,0.030388487,0.100239313
CellObjects-Mean-Nucelolos-Intensity-MeanIntensityEdge-HEGray,0.043416281,0.010995153,0.025851531,0.079906597
CellObjects-Mean-Nucelolos-Intensity-MeanIntensity-HEGray,0.041985147,0.010851739,0.025020587,0.074455128
CellObjects-Mean-Nucelolos-Intensity-MedianIntensity-HEGray,0.041711923,0.010828954,0.02493549,0.073428697
CellObjects-Mean-Nucelolos-Intensity-MinIntensityEdge-HEGray,0.036206622,0.009664685,0.021357231,0.062177612
CellObjects-Mean-Nucelolos-Intensity-MinIntensity-HEGray,0.034609248,0.0093943,0.020308675,0.056283627
CellObjects-Mean-Nucelolos-Intensity-StdIntensityEdge-HEGray,0.004134968,0.000684619,0.002367075,0.010295313
CellObjects-Mean-Nucelolos-Intensity-StdIntensity-HEGray,0.00385306,0.000635483,0.00222926,0.01002275
CellObjects-Mean-Nucelolos-Intensity-UpperQuartileIntensty-HEGry,0.044784578,0.011305222,0.026657169,0.081570856
CellObjects-Mean-Nucelolos-Location-CenterMassIntensity-X-HEGray,204.4722597,48.07686741,119.3634825,360.1282357
CellObjects-Mean-Nucelolos-Location-CenterMassIntensity-Y-HEGray,148.7208805,34.2256918,88.21090354,270.3530473
CellObjects-Mean-Nucelolos-Location-CenterMassIntensity-Z-HEGray,0,0,0,0
CellObjects-Mean-Nucelolos-Location-Center-X,204.4736675,48.07756834,119.3664185,360.1333709
CellObjects-Mean-Nucelolos-Location-Center-Y,148.7218797,34.22533511,88.21111296,270.3528469
CellObjects-Mean-Nucelolos-Location-Center-Z,0,0,0,0
CellObjects-Mean-Nucelolos-Location-MaxIntensity-X-HEGray,204.4445375,48.07174965,119.339365,360.081707
CellObjects-Mean-Nucelolos-Location-MaxIntensity-Y-HEGray,148.7185171,34.23778489,88.21253657,270.3795863
CellObjects-Mean-Nucelolos-Location-MaxIntensity-Z-HEGray,0,0,0,0
CellObjects-Mean-Nucelolos-Number-Object-Number,24.75756383,4.688044982,8.584823202,84.20106347
CellObjects-Mean-Nucelolos-Texture-AngulrScndMmnt-HEGry-3-00-256,0.004646161,0.00117887,0.002091599,0.004150582
CellObjects-Mean-Nucelolos-Texture-AngulrScndMmnt-HEGry-3-01-256,0.008811635,0.001915767,0.003590334,0.006728191
CellObjects-Mean-Nucelolos-Texture-AngulrScndMmnt-HEGry-3-02-256,0.004619576,0.001195319,0.001990958,0.004032167
CellObjects-Mean-Nucelolos-Texture-AngulrScndMmnt-HEGry-3-03-256,0.009499081,0.002091165,0.003592346,0.006712323
CellObjects-Mean-Nucelolos-Texture-Contrast-HEGray-3-00-256,6.852845797,0.720065132,3.029539759,19.10775287
CellObjects-Mean-Nucelolos-Texture-Contrast-HEGray-3-01-256,10.20272393,1.05473044,4.791350443,28.90176375
CellObjects-Mean-Nucelolos-Texture-Contrast-HEGray-3-02-256,6.786076296,0.796977314,3.263852294,17.73502474
CellObjects-Mean-Nucelolos-Texture-Contrast-HEGray-3-03-256,11.05106019,1.097836301,4.979415173,31.01515463
CellObjects-Mean-Nucelolos-Texture-Correlation-HEGray-3-00-256,1.033307311,0.937393315,1.038366777,1.11540952
CellObjects-Mean-Nucelolos-Texture-Correlation-HEGray-3-01-256,0.990217796,1.001179222,1.011130346,1.057482598
CellObjects-Mean-Nucelolos-Texture-Correlation-HEGray-3-02-256,1.039108559,0.95712029,0.887822395,1.127973585
CellObjects-Mean-Nucelolos-Texture-Correlation-HEGray-3-03-256,0.981535235,1.000178448,1.008724189,1.045793934
CellObjects-Mean-Nucelolos-Texture-DifferncEntrpy-HEGry-3-00-256,0.589587331,0.129128601,0.346138662,1.263293771
CellObjects-Mean-Nucelolos-Texture-DifferncEntrpy-HEGry-3-01-256,0.575714608,0.129244427,0.354937256,1.306187565
CellObjects-Mean-Nucelolos-Texture-DifferncEntrpy-HEGry-3-02-256,0.590497804,0.130632831,0.351499088,1.250347348
CellObjects-Mean-Nucelolos-Texture-DifferncEntrpy-HEGry-3-03-256,0.578260417,0.129041512,0.357045856,1.315338313
CellObjects-Mean-Nucelolos-Texture-DifferenceVrnc-HEGry-3-00-256,0.000348224,0.0001019,0.000197432,0.000423711
CellObjects-Mean-Nucelolos-Texture-DifferenceVrnc-HEGry-3-01-256,0.000434659,0.000111863,0.00021223,0.000444314
CellObjects-Mean-Nucelolos-Texture-DifferenceVrnc-HEGry-3-02-256,0.000345772,0.0001006,0.000188903,0.000435156
CellObjects-Mean-Nucelolos-Texture-DifferenceVrnc-HEGry-3-03-256,0.000447585,0.000113199,0.000211287,0.000435038
CellObjects-Mean-Nucelolos-Texture-Entropy-HEGray-3-00-256,1.115448067,0.26723475,0.714786547,2.505523428
CellObjects-Mean-Nucelolos-Texture-Entropy-HEGray-3-01-256,1.036392439,0.25355011,0.686768853,2.440080814
CellObjects-Mean-Nucelolos-Texture-Entropy-HEGray-3-02-256,1.115847088,0.267011375,0.717618531,2.509343009
CellObjects-Mean-Nucelolos-Texture-Entropy-HEGray-3-03-256,1.028541974,0.252498684,0.686217408,2.441773332
CellObjects-Mean-Nucelolos-Texture-InfoMeas1-HEGray-3-00-256,0.914434049,0.984725714,0.958993405,0.862935843
CellObjects-Mean-Nucelolos-Texture-InfoMeas1-HEGray-3-01-256,0.901204634,0.981782142,0.954049928,0.851298102
CellObjects-Mean-Nucelolos-Texture-InfoMeas1-HEGray-3-02-256,0.914468608,0.984552056,0.822710443,0.863992985
CellObjects-Mean-Nucelolos-Texture-InfoMeas1-HEGray-3-03-256,0.89949997,0.981880383,0.953609072,0.851379309
CellObjects-Mean-Nucelolos-Texture-InfoMeas2-HEGray-3-00-256,0.181413876,0.042118845,0.10497451,0.339862052
CellObjects-Mean-Nucelolos-Texture-InfoMeas2-HEGray-3-01-256,0.181899244,0.042659047,0.105264501,0.34051608
CellObjects-Mean-Nucelolos-Texture-InfoMeas2-HEGray-3-02-256,0.181401785,0.042130877,0.104912998,0.339772371
CellObjects-Mean-Nucelolos-Texture-InfoMeas2-HEGray-3-03-256,0.181890405,0.042425388,0.105407974,0.34045985
CellObjects-Mean-Nucelolos-Textur-InvrsDffrncMmnt-HEGry-3-00-256,0.035125565,0.012260453,0.023096602,0.056157595
CellObjects-Mean-Nucelolos-Textur-InvrsDffrncMmnt-HEGry-3-01-256,0.029166523,0.010314784,0.018909101,0.04609926
CellObjects-Mean-Nucelolos-Textur-InvrsDffrncMmnt-HEGry-3-02-256,0.03562448,0.011616466,0.02262836,0.058688815
CellObjects-Mean-Nucelolos-Textur-InvrsDffrncMmnt-HEGry-3-03-256,0.028761024,0.010182614,0.018768189,0.045110678
CellObjects-Mean-Nucelolos-Texture-SumAverage-HEGray-3-00-256,20.10634914,5.363184168,12.28458182,36.74503562
CellObjects-Mean-Nucelolos-Texture-SumAverage-HEGray-3-01-256,20.18284769,5.368974041,12.29586841,36.83005629
CellObjects-Mean-Nucelolos-Texture-SumAverage-HEGray-3-02-256,20.10579897,5.364774713,12.28086409,36.72878914
CellObjects-Mean-Nucelolos-Texture-SumAverage-HEGray-3-03-256,20.20451703,5.370446588,12.30256588,36.8256974
CellObjects-Mean-Nucelolos-Texture-SumEntropy-HEGray-3-00-256,0.770285736,0.178311164,0.486497666,1.72775904
CellObjects-Mean-Nucelolos-Texture-SumEntropy-HEGray-3-01-256,0.697681775,0.164872235,0.455047422,1.650812504
CellObjects-Mean-Nucelolos-Texture-SumEntropy-HEGray-3-02-256,0.77050398,0.177009748,0.486904092,1.736272246
CellObjects-Mean-Nucelolos-Texture-SumEntropy-HEGray-3-03-256,0.688794535,0.163723246,0.45394156,1.648149134
CellObjects-Mean-Nucelolos-Texture-SumVariance-HEGray-3-00-256,13.66480147,1.566957885,8.980567216,57.12415657
CellObjects-Mean-Nucelolos-Texture-SumVariance-HEGray-3-01-256,11.2150657,1.305704659,7.472861686,49.58917447
CellObjects-Mean-Nucelolos-Texture-SumVariance-HEGray-3-02-256,13.74763891,1.505252825,8.736558334,58.18746388
CellObjects-Mean-Nucelolos-Texture-SumVariance-HEGray-3-03-256,10.68769835,1.263668334,7.379667376,47.98963715
CellObjects-Mean-Nucelolos-Texture-Variance-HEGray-3-00-256,5.129411817,0.571755754,3.002526744,19.05797736
CellObjects-Mean-Nucelolos-Texture-Variance-HEGray-3-01-256,5.354447409,0.590108775,3.066053032,19.62273455
CellObjects-Mean-Nucelolos-Texture-Variance-HEGray-3-02-256,5.133428802,0.575557535,3.000102657,18.98062215
CellObjects-Mean-Nucelolos-Texture-Variance-HEGray-3-03-256,5.434689635,0.590376159,3.089770637,19.75119795
CellObjects-Parent-NucObjects,446.3068851,402.6455439,159.5368946,359.648636
Cytoplasm-Number-Object-Number,446.3068851,402.6455439,159.5368946,359.648636
Cytoplasm-AreaShape-Area,1579.61934,1504.145003,2497.089826,1746.26733
Cytoplasm-AreaShape-BoundingBoxArea,4443.232262,4086.352246,5395.784809,5085.919189
Cytoplasm-AreaShape-BoundingBoxMaximum-X,1055.893212,1059.016868,1064.073897,1058.514808
Cytoplasm-AreaShape-BoundingBoxMaximum-Y,799.5840665,799.1074779,811.8060462,806.5310164
Cytoplasm-AreaShape-BoundingBoxMinimum-X,991.682097,994.8784954,991.18236,987.9385277
Cytoplasm-AreaShape-BoundingBoxMinimum-Y,731.0339818,736.0169132,738.3080507,735.1236921
Cytoplasm-AreaShape-Center-X,1023.397396,1026.498762,1027.089918,1022.760084
Cytoplasm-AreaShape-Center-Y,764.8291111,767.1063188,774.581219,770.3746375
Cytoplasm-AreaShape-Compactness,6.840796127,6.372017579,4.923903467,7.293925811
Cytoplasm-AreaShape-ConvexArea,3128.288159,2884.802454,3974.311518,3605.901579
Cytoplasm-AreaShape-Eccentricity,0.65409113,0.657896876,0.602230149,0.644193616
Cytoplasm-AreaShape-EquivalentDiameter,44.30756872,43.07164973,55.96829465,46.52003905
Cytoplasm-AreaShape-EulerNumber,4.980466543,2.990934512,4.962617835,3.974402093
Cytoplasm-AreaShape-Extent,0.357111773,0.367044674,0.46901092,0.343167244
Cytoplasm-AreaShape-FormFactor,0.151578559,0.165283854,0.209961683,0.142649353
Cytoplasm-AreaShape-MajorAxisLength,86.29844763,82.0194385,91.69535322,92.16203818
Cytoplasm-AreaShape-MaxFeretDiameter,74.74146746,71.07010088,80.89600592,79.32504475
Cytoplasm-AreaShape-MaximumRadius,7.506252447,7.698500972,8.457711094,7.729293701
Cytoplasm-AreaShape-MeanRadius,2.967451155,3.129572707,3.928157735,3.079954322
Cytoplasm-AreaShape-MedianRadius,2.725671359,2.825664783,3.820649203,2.79616907
Cytoplasm-AreaShape-MinFeretDiameter,53.9126504,51.92492422,61.39367766,58.58994478
Cytoplasm-AreaShape-MinorAxisLength,62.53646821,59.10210353,70.42416612,67.77949521
Cytoplasm-AreaShape-Orientation,93.4729304,87.85753357,92.23544948,87.3907525
Cytoplasm-AreaShape-Perimeter,361.1080606,335.8199754,388.6975367,390.3447277
Cytoplasm-AreaShape-Solidity,0.504830637,0.51640323,0.63447908,0.482219646
Cytoplasm-Granularity-10-HEGray,3.799868807,0.472783256,0.096354223,5.374811615
Cytoplasm-Granularity-11-HEGray,5.241126694,1.193988527,0.092091939,3.963876173
Cytoplasm-Granularity-12-HEGray,2.706262909,0.81250486,0.25691891,2.84753013
Cytoplasm-Granularity-13-HEGray,2.048251952,0.839350205,0.968588969,2.51455311
Cytoplasm-Granularity-14-HEGray,2.67132875,0.814790353,1.226844065,3.68839088
Cytoplasm-Granularity-15-HEGray,3.066571389,0.617931156,0.431378981,2.282265264
Cytoplasm-Granularity-16-HEGray,1.92085842,1.115027619,1.817257848,2.120445918
Cytoplasm-Granularity-1-HEGray,29.86395887,33.47218646,35.89723817,29.56369737
Cytoplasm-Granularity-2-HEGray,2.718313916,0.460006381,0.179778939,5.887354835
Cytoplasm-Granularity-3-HEGray,3.607352212,0.449063418,0.1260469,5.050726066
Cytoplasm-Granularity-4-HEGray,2.436115179,0.482926522,0.087238933,3.778955621
Cytoplasm-Granularity-5-HEGray,1.777995701,0.438064912,0.064599295,2.515679913
Cytoplasm-Granularity-6-HEGray,2.80332991,0.433838613,0.056063669,1.73908524
Cytoplasm-Granularity-7-HEGray,2.983193079,0.383352426,0.062298662,4.257399133
Cytoplasm-Granularity-8-HEGray,3.777913235,0.346432935,0.065828865,5.049231459
Cytoplasm-Granularity-9-HEGray,2.618500207,0.301390045,0.082506434,4.150154135
Cytoplasm-Intensity-IntegratedIntensityEdge-HEGray,224.8160108,245.6204807,255.4080802,175.6862894
Cytoplasm-Intensity-IntegratedIntensity-HEGray,1263.683989,1372.66484,2060.918018,1027.286839
Cytoplasm-Intensity-LowerQuartileIntensity-HEGray,0.652283051,0.865693416,0.684181665,0.436754792
Cytoplasm-Intensity-MADIntensity-HEGray,0.125029866,0.033083826,0.090325248,0.138684219
Cytoplasm-Intensity-MassDisplacement-HEGray,1.248532084,1.024938731,0.841987531,2.4118682
Cytoplasm-Intensity-MaxIntensityEdge-HEGray,0.999848326,0.999979542,0.999993201,0.977450005
Cytoplasm-Intensity-MaxIntensity-HEGray,0.999898867,0.999984141,0.999996034,0.984070399
Cytoplasm-Intensity-MeanIntensityEdge-HEGray,0.721342601,0.844339001,0.769565599,0.519530572
Cytoplasm-Intensity-MeanIntensity-HEGray,0.795546612,0.910124512,0.823905344,0.585200164
Cytoplasm-Intensity-MedianIntensity-HEGray,0.837129563,0.961705191,0.897573158,0.568456716
Cytoplasm-Intensity-MinIntensityEdge-HEGray,0.337057339,0.45818799,0.326812692,0.219034734
Cytoplasm-Intensity-MinIntensity-HEGray,0.334752427,0.454249265,0.324445615,0.216792154
Cytoplasm-Intensity-StdIntensityEdge-HEGray,0.224930871,0.154592515,0.238161639,0.215957781
Cytoplasm-Intensity-StdIntensity-HEGray,0.182454612,0.120187247,0.188070719,0.185143096
Cytoplasm-Intensity-UpperQuartileIntensity-HEGray,0.96511171,0.994038292,0.988441026,0.726536321
Cytoplasm-Location-CenterMassIntensity-X-HEGray,1023.522244,1026.467944,1026.800931,1022.623342
Cytoplasm-Location-CenterMassIntensity-Y-HEGray,764.867249,767.0931488,774.5504787,770.2911583
Cytoplasm-Location-CenterMassIntensity-Z-HEGray,0,0,0,0
Cytoplasm-Location-Center-X,1023.397396,1026.498762,1027.089918,1022.760084
Cytoplasm-Location-Center-Y,764.8291111,767.1063188,774.581219,770.3746375
Cytoplasm-Location-MaxIntensity-X-HEGray,1023.107071,1027.39153,1025.311843,1021.053531
Cytoplasm-Location-MaxIntensity-Y-HEGray,764.2600694,766.6121234,773.5829451,770.2855942
Cytoplasm-Location-MaxIntensity-Z-HEGray,0,0,0,0
Cytoplasm-Parent-CellObjects,446.3068851,402.6455439,159.5368946,359.648636
Cytoplasm-Parent-NucObjects,446.3068851,402.6455439,159.5368946,359.648636
Cytoplasm-Texture-AngularSecondMoment-HEGray-3-00-256,0.027705015,0.198426071,0.06693546,0.000560838
Cytoplasm-Texture-AngularSecondMoment-HEGray-3-01-256,0.021349011,0.182476244,0.055203813,0.000593249
Cytoplasm-Texture-AngularSecondMoment-HEGray-3-02-256,0.026667274,0.192763791,0.068594432,0.00058113
Cytoplasm-Texture-AngularSecondMoment-HEGray-3-03-256,0.021347051,0.175795231,0.054114973,0.000584729
Cytoplasm-Texture-Contrast-HEGray-3-00-256,1385.512053,359.4941521,811.320888,1040.113399
Cytoplasm-Texture-Contrast-HEGray-3-01-256,2164.636967,567.2251852,1429.052513,1739.134613
Cytoplasm-Texture-Contrast-HEGray-3-02-256,1266.979848,409.3085803,794.5159058,840.8705801
Cytoplasm-Texture-Contrast-HEGray-3-03-256,2288.630253,601.4804581,1497.32489,1637.112776
Cytoplasm-Texture-Correlation-HEGray-3-00-256,0.711260818,0.771943122,0.802585237,0.765096666
Cytoplasm-Texture-Correlation-HEGray-3-01-256,0.908576839,0.71551064,0.656627551,0.892867066
Cytoplasm-Texture-Correlation-HEGray-3-02-256,0.664681083,0.632064625,0.806606731,0.78348556
Cytoplasm-Texture-Correlation-HEGray-3-03-256,0.759760957,0.7713171,0.668182318,0.838013726
Cytoplasm-Texture-DifferenceEntropy-HEGray-3-00-256,5.768535867,4.019795377,5.185251953,5.885819273
Cytoplasm-Texture-DifferenceEntropy-HEGray-3-01-256,6.102129708,4.308633699,5.598311783,6.224040603
Cytoplasm-Texture-DifferenceEntropy-HEGray-3-02-256,5.716574275,4.111802848,5.150912798,5.746899719
Cytoplasm-Texture-DifferenceEntropy-HEGray-3-03-256,6.13509397,4.375286931,5.634066827,6.178510327
Cytoplasm-Texture-DifferenceVariance-HEGray-3-00-256,0.000154325,0.000831936,0.000312875,6.70E-05
Cytoplasm-Texture-DifferenceVariance-HEGray-3-01-256,0.000117686,0.000752578,0.000250972,4.99E-05
Cytoplasm-Texture-DifferenceVariance-HEGray-3-02-256,0.000154928,0.000803368,0.000321328,7.53E-05
Cytoplasm-Texture-DifferenceVariance-HEGray-3-03-256,0.000116658,0.000724845,0.000245805,5.27E-05
Cytoplasm-Texture-Entropy-HEGray-3-00-256,9.500703176,6.394295427,9.032963913,11.05581721
Cytoplasm-Texture-Entropy-HEGray-3-01-256,9.606213424,6.520634361,9.226660138,10.96848163
Cytoplasm-Texture-Entropy-HEGray-3-02-256,9.541238768,6.447595164,9.01230116,11.0418909
Cytoplasm-Texture-Entropy-HEGray-3-03-256,9.602052665,6.587850439,9.248076712,10.98242925
Cytoplasm-Texture-InfoMeas1-HEGray-3-00-256,0.483984439,0.533268044,0.371098179,0.421290599
Cytoplasm-Texture-InfoMeas1-HEGray-3-01-256,0.416860672,0.482415886,0.473992427,0.383548002
Cytoplasm-Texture-InfoMeas1-HEGray-3-02-256,0.421123846,0.515638729,0.387795159,0.458422488
Cytoplasm-Texture-InfoMeas1-HEGray-3-03-256,0.460081774,0.552976426,0.377823384,0.382930087
Cytoplasm-Texture-InfoMeas2-HEGray-3-00-256,0.997289048,0.948565411,0.995166997,0.999119809
Cytoplasm-Texture-InfoMeas2-HEGray-3-01-256,0.996417802,0.935597263,0.99294565,0.999231446
Cytoplasm-Texture-InfoMeas2-HEGray-3-02-256,0.99743337,0.947116576,0.995311988,0.9991392
Cytoplasm-Texture-InfoMeas2-HEGray-3-03-256,0.9961707,0.936296818,0.992709249,0.999212103
Cytoplasm-Texture-InverseDifferenceMoment-HEGray-3-00-256,0.179047738,0.449146656,0.273933907,0.047052656
Cytoplasm-Texture-InverseDifferenceMoment-HEGray-3-01-256,0.149098291,0.41773358,0.239421481,0.037535689
Cytoplasm-Texture-InverseDifferenceMoment-HEGray-3-02-256,0.179124096,0.43824256,0.278014043,0.053139632
Cytoplasm-Texture-InverseDifferenceMoment-HEGray-3-03-256,0.148355379,0.408214055,0.236029293,0.03972598
Cytoplasm-Texture-SumAverage-HEGray-3-00-256,413.5572336,471.8691598,423.7101905,305.2090597
Cytoplasm-Texture-SumAverage-HEGray-3-01-256,411.4600131,469.3284023,423.1355486,304.4801256
Cytoplasm-Texture-SumAverage-HEGray-3-02-256,412.8637062,471.1027562,423.8326217,306.3505467
Cytoplasm-Texture-SumAverage-HEGray-3-03-256,411.4187832,468.1099177,423.1221893,305.1970717
Cytoplasm-Texture-SumEntropy-HEGray-3-00-256,7.152686347,4.905741284,6.742724133,7.984541055
Cytoplasm-Texture-SumEntropy-HEGray-3-01-256,7.240733367,5.041548707,6.881008193,7.934899242
Cytoplasm-Texture-SumEntropy-HEGray-3-02-256,7.179467868,4.957979795,6.725587998,7.991116269
Cytoplasm-Texture-SumEntropy-HEGray-3-03-256,7.233354413,5.102742134,6.894176763,7.935646152
Cytoplasm-Texture-SumVariance-HEGray-3-00-256,6356.689086,3050.907337,7663.581641,7140.863559
Cytoplasm-Texture-SumVariance-HEGray-3-01-256,5989.618652,3268.661344,7094.790712,6803.163501
Cytoplasm-Texture-SumVariance-HEGray-3-02-256,6469.399526,3109.639253,7649.516228,7346.675845
Cytoplasm-Texture-SumVariance-HEGray-3-03-256,5894.222531,3413.22499,7020.381213,6796.858159
Cytoplasm-Texture-Variance-HEGray-3-00-256,1935.550285,852.6003723,2118.725632,2045.24424
Cytoplasm-Texture-Variance-HEGray-3-01-256,2038.563905,958.9716322,2130.960806,2135.574529
Cytoplasm-Texture-Variance-HEGray-3-02-256,1934.094843,879.7369583,2111.008033,2046.886606
Cytoplasm-Texture-Variance-HEGray-3-03-256,2045.713196,1003.676362,2129.426526,2108.492734
NucObjects-Number-Object-Number,446.3068851,402.6455439,159.5368946,359.648636
NucObjects-AreaShape-Area,1550.457382,1397.982861,1531.431033,1855.068246
NucObjects-AreaShape-BoundingBoxArea,2335.888772,2089.596202,2341.012461,2807.638219
NucObjects-AreaShape-BoundingBoxMaximum-X,1046.919001,1050.042847,1051.437751,1048.977251
NucObjects-AreaShape-BoundingBoxMaximum-Y,790.1922673,789.7666877,799.300791,797.6841835
NucObjects-AreaShape-BoundingBoxMinimum-X,1000.535193,1003.737011,1003.850255,997.2873692
NucObjects-AreaShape-BoundingBoxMinimum-Y,740.3900234,745.2654249,750.7837252,743.9410968
NucObjects-AreaShape-Center-X,1023.267022,1026.411665,1027.248893,1022.570867
NucObjects-AreaShape-Center-Y,764.7950547,767.0492511,774.5913104,770.3024987
NucObjects-AreaShape-Compactness,1.342342649,1.288482356,1.471296759,1.372365245
NucObjects-AreaShape-ConvexArea,1664.436072,1489.749414,1659.220067,2001.548206
NucObjects-AreaShape-Eccentricity,0.646952012,0.609868233,0.671180155,0.610509433
NucObjects-AreaShape-EquivalentDiameter,43.9449008,41.76273761,43.44716514,48.09548537
NucObjects-AreaShape-EulerNumber,1,1,1,1
NucObjects-AreaShape-Extent,0.669917376,0.678088923,0.659103878,0.663186801
NucObjects-AreaShape-FormFactor,0.759743115,0.788225669,0.701168613,0.744884508
NucObjects-AreaShape-MajorAxisLength,52.67066589,48.97466079,53.3813878,56.24708968
NucObjects-AreaShape-MaxFeretDiameter,54.38445396,50.46551189,55.12703848,58.8440537
NucObjects-AreaShape-MaximumRadius,17.93891788,17.40141786,17.47555137,19.86108229
NucObjects-AreaShape-MeanRadius,6.721212755,6.520924382,6.542143108,7.324213022
NucObjects-AreaShape-MedianRadius,5.996365256,5.809457425,5.826409463,6.500409748
NucObjects-AreaShape-MinFeretDiameter,38.49102736,36.85051798,37.60040975,43.15206452
NucObjects-AreaShape-MinorAxisLength,38.30776895,36.96948811,37.21789649,42.95974118
NucObjects-AreaShape-Orientation,93.52955847,90.1720781,92.58417267,83.9057142
NucObjects-AreaShape-Perimeter,159.5787549,148.9180114,164.4507346,176.1675775
NucObjects-AreaShape-Solidity,0.933003422,0.941110439,0.921866013,0.926402182
NucObjects-Children-CellObjects-Count,1,1,1,1
NucObjects-Children-Cytoplasm-Count,1,1,1,1
NucObjects-Granularity-10-HEGray,1.043711105,0.084453994,0.001667115,2.336552341
NucObjects-Granularity-11-HEGray,2.242599623,0.301453239,0.001604641,2.23595201
NucObjects-Granularity-12-HEGray,1.59121536,0.286680265,0.006504408,1.880277267
NucObjects-Granularity-13-HEGray,1.399194986,0.343876765,0.02394621,1.929484353
NucObjects-Granularity-14-HEGray,1.523245138,0.407496988,0.057232443,3.226659619
NucObjects-Granularity-15-HEGray,2.169978101,0.377890237,0.011514804,2.368630903
NucObjects-Granularity-16-HEGray,1.778362949,0.386904752,0.087335994,2.451989961
NucObjects-Granularity-1-HEGray,50.62823304,50.94117733,60.83926048,51.24944343
NucObjects-Granularity-2-HEGray,1.220182288,0.253576986,0.441312587,1.007587071
NucObjects-Granularity-3-HEGray,0.248284392,0.067362144,0.037621399,0.347764154
NucObjects-Granularity-4-HEGray,0.14523094,0.06277031,0.004021456,0.312371495
NucObjects-Granularity-5-HEGray,0.120232053,0.057663758,0.001728157,0.25319668
NucObjects-Granularity-6-HEGray,0.266142931,0.059447744,0.000745845,0.198505388
NucObjects-Granularity-7-HEGray,0.408490422,0.052628847,0.001459782,0.783795525
NucObjects-Granularity-8-HEGray,0.690308988,0.048740723,0.001173885,1.195319172
NucObjects-Granularity-9-HEGray,0.536133033,0.045641012,0.001439518,1.352181239
NucObjects-Intensity-IntegratedIntensityEdge-HEGray,73.17680686,98.15346275,74.87258383,54.94325065
NucObjects-Intensity-IntegratedIntensity-HEGray,633.5582784,734.254687,681.2153507,477.6566748
NucObjects-Intensity-LowerQuartileIntensity-HEGray,0.329956309,0.412379209,0.375382276,0.207117388
NucObjects-Intensity-MADIntensity-HEGray,0.072692385,0.092049477,0.066807318,0.046161873
NucObjects-Intensity-MassDisplacement-HEGray,0.867908795,0.715482262,0.976189179,0.813828354
NucObjects-Intensity-MaxIntensityEdge-HEGray,0.750886818,0.964081002,0.748591164,0.459651335
NucObjects-Intensity-MaxIntensity-HEGray,0.77400241,0.964590034,0.765937592,0.476802155
NucObjects-Intensity-MeanIntensityEdge-HEGray,0.541655517,0.785665891,0.533956331,0.369140458
NucObjects-Intensity-MeanIntensity-HEGray,0.41221101,0.530130576,0.451005145,0.260350395
NucObjects-Intensity-MedianIntensity-HEGray,0.397498818,0.492815543,0.43829136,0.249160939
NucObjects-Intensity-MinIntensityEdge-HEGray,0.368333238,0.512446144,0.341101835,0.247679698
NucObjects-Intensity-MinIntensity-HEGray,0.215565521,0.2889057,0.2618668,0.135712205
NucObjects-Intensity-StdIntensityEdge-HEGray,0.082224236,0.111918243,0.100126852,0.046240129
NucObjects-Intensity-StdIntensity-HEGray,0.108095434,0.153552093,0.10044059,0.069270575
NucObjects-Intensity-UpperQuartileIntensity-HEGray,0.48126486,0.626180675,0.515221892,0.30500605
NucObjects-Location-CenterMassIntensity-X-HEGray,1023.282245,1026.17569,1027.015625,1022.397859
NucObjects-Location-CenterMassIntensity-Y-HEGray,764.8050454,766.9695978,774.5489394,770.182084
NucObjects-Location-CenterMassIntensity-Z-HEGray,0,0,0,0
NucObjects-Location-Center-X,1023.267022,1026.411665,1027.248893,1022.570867
NucObjects-Location-Center-Y,764.7950547,767.0492511,774.5913104,770.3024987
NucObjects-Location-Center-Z,0,0,0,0
NucObjects-Location-MaxIntensity-X-HEGray,1023.315966,1024.109102,1024.386391,1015.342442
NucObjects-Location-MaxIntensity-Y-HEGray,764.5345064,764.3499008,774.1183227,764.4921992
NucObjects-Location-MaxIntensity-Z-HEGray,0,0,0,0
NucObjects-Parent-CellObjects,446.3068851,402.6455439,159.5368946,359.648636
NucObjects-Texture-AngularSecondMoment-HEGray-3-00-256,0.000680407,0.000720017,0.00085335,0.001069133
NucObjects-Texture-AngularSecondMoment-HEGray-3-01-256,0.000652532,0.000690757,0.000798331,0.000960577
NucObjects-Texture-AngularSecondMoment-HEGray-3-02-256,0.000687959,0.000711525,0.000853868,0.001090848
NucObjects-Texture-AngularSecondMoment-HEGray-3-03-256,0.000644827,0.000688334,0.000797131,0.000961384
NucObjects-Texture-Contrast-HEGray-3-00-256,427.8072625,724.8146203,263.4453816,165.5957803
NucObjects-Texture-Contrast-HEGray-3-01-256,639.8928766,1199.110329,430.9890325,261.1797677
NucObjects-Texture-Contrast-HEGray-3-02-256,384.4576489,841.2415994,246.3234292,148.6877352
NucObjects-Texture-Contrast-HEGray-3-03-256,700.0610099,1269.562009,435.7992544,241.3640967
NucObjects-Texture-Correlation-HEGray-3-00-256,0.693331294,0.713127542,0.782433294,0.691305677
NucObjects-Texture-Correlation-HEGray-3-01-256,0.685273446,0.596319984,0.734526896,0.624853251
NucObjects-Texture-Correlation-HEGray-3-02-256,0.725168296,0.663780229,0.798660548,0.724405849
NucObjects-Texture-Correlation-HEGray-3-03-256,0.717710071,0.698428642,0.730420796,0.558173532
NucObjects-Texture-DifferenceEntropy-HEGray-3-00-256,5.305597401,5.535559021,4.895993596,4.648433371
NucObjects-Texture-DifferenceEntropy-HEGray-3-01-256,5.586621669,5.88434497,5.237502006,4.968705082
NucObjects-Texture-DifferenceEntropy-HEGray-3-02-256,5.234419759,5.615895894,4.86099303,4.581339373
NucObjects-Texture-DifferenceEntropy-HEGray-3-03-256,5.64772113,5.910192511,5.245492431,4.924467325
NucObjects-Texture-DifferenceVariance-HEGray-3-00-256,0.000136495,0.000104215,0.000196246,0.000355092
NucObjects-Texture-DifferenceVariance-HEGray-3-01-256,0.000106413,7.75E-05,0.000148299,0.000268303
NucObjects-Texture-DifferenceVariance-HEGray-3-02-256,0.000144719,9.88E-05,0.000199586,0.000372348
NucObjects-Texture-DifferenceVariance-HEGray-3-03-256,0.000100776,7.62E-05,0.00014718,0.000274716
NucObjects-Texture-Entropy-HEGray-3-00-256,10.78213295,10.71580026,10.5378543,10.29225423
NucObjects-Texture-Entropy-HEGray-3-01-256,10.81957931,10.74098281,10.60640161,10.41206149
NucObjects-Texture-Entropy-HEGray-3-02-256,10.77274416,10.72700281,10.53823808,10.26711496
NucObjects-Texture-Entropy-HEGray-3-03-256,10.83175903,10.74492587,10.60760699,10.41143927
NucObjects-Texture-InfoMeas1-HEGray-3-00-256,0.270974343,0.203547995,0.217549046,0.297324294
NucObjects-Texture-InfoMeas1-HEGray-3-01-256,0.300155526,0.253859372,0.234325715,0.349495971
NucObjects-Texture-InfoMeas1-HEGray-3-02-256,0.277962455,0.202296881,0.223687801,0.293026117
NucObjects-Texture-InfoMeas1-HEGray-3-03-256,0.288559919,0.208330513,0.252220574,0.316054237
NucObjects-Texture-InfoMeas2-HEGray-3-00-256,0.992842122,0.997930589,0.991456982,0.967624408
NucObjects-Texture-InfoMeas2-HEGray-3-01-256,0.991949651,0.99748856,0.989150976,0.955717563
NucObjects-Texture-InfoMeas2-HEGray-3-02-256,0.993087835,0.997815262,0.991605604,0.969802521
NucObjects-Texture-InfoMeas2-HEGray-3-03-256,0.991762625,0.997458371,0.989195953,0.956999698
NucObjects-Texture-InverseDifferenceMoment-HEGray-3-00-256,0.072216198,0.075650788,0.093761433,0.11883839
NucObjects-Texture-InverseDifferenceMoment-HEGray-3-01-256,0.058166208,0.058154228,0.072940854,0.094591073
NucObjects-Texture-InverseDifferenceMoment-HEGray-3-02-256,0.075889415,0.072385203,0.094873613,0.123206592
NucObjects-Texture-InverseDifferenceMoment-HEGray-3-03-256,0.055543379,0.057378545,0.072342611,0.095483388
NucObjects-Texture-SumAverage-HEGray-3-00-256,205.357442,259.7880704,226.5333305,128.8517921
NucObjects-Texture-SumAverage-HEGray-3-01-256,204.9761386,257.5468849,226.1365606,128.1883375
NucObjects-Texture-SumAverage-HEGray-3-02-256,205.6020727,259.2719184,226.7666148,129.0260004
NucObjects-Texture-SumAverage-HEGray-3-03-256,205.0858537,257.46197,226.1807972,128.4693116
NucObjects-Texture-SumEntropy-HEGray-3-00-256,7.347022927,7.594307595,7.237504904,6.730687441
NucObjects-Texture-SumEntropy-HEGray-3-01-256,7.287722694,7.514044212,7.176651467,6.660550374
NucObjects-Texture-SumEntropy-HEGray-3-02-256,7.358000203,7.576839929,7.243839494,6.744752874
NucObjects-Texture-SumEntropy-HEGray-3-03-256,7.272971856,7.505299799,7.175663526,6.67585245
NucObjects-Texture-SumVariance-HEGray-3-00-256,2501.478869,4497.514886,2312.556997,964.1888041
NucObjects-Texture-SumVariance-HEGray-3-01-256,2307.66098,3961.160914,2139.864773,871.0507827
NucObjects-Texture-SumVariance-HEGray-3-02-256,2550.356355,4339.569147,2340.938831,986.2727152
NucObjects-Texture-SumVariance-HEGray-3-03-256,2253.903299,3887.839933,2136.502247,898.4488902
NucObjects-Texture-Variance-HEGray-3-00-256,732.3215328,1305.582376,644.0005946,282.4461461
NucObjects-Texture-Variance-HEGray-3-01-256,736.8884641,1290.067811,642.7134515,283.0576376
NucObjects-Texture-Variance-HEGray-3-02-256,733.7035009,1295.202687,646.8155651,283.7401126
NucObjects-Texture-Variance-HEGray-3-03-256,738.4910773,1289.350485,643.0753753,284.9532467
